id,date,store_nbr,family,sales,onpromotion
1945947,2016-01-01,1,BEVERAGES,0.0,0
1945956,2016-01-01,1,GROCERY I,0.0,0
1947729,2016-01-02,1,BEVERAGES,1856.0,7
1947738,2016-01-02,1,GROCERY I,2047.0,22
1949511,2016-01-03,1,BEVERAGES,1048.0,1
1949520,2016-01-03,1,GROCERY I,1069.0,7
1951293,2016-01-04,1,BEVERAGES,3005.0,3
1951302,2016-01-04,1,GROCERY I,3190.0,5
1953075,2016-01-05,1,BEVERAGES,2374.0,9
1953084,2016-01-05,1,GROCERY I,2627.0,12
1954857,2016-01-06,1,BEVERAGES,2799.0,5
1954866,2016-01-06,1,GROCERY I,3330.0,5
1956639,2016-01-07,1,BEVERAGES,2248.0,0
1956648,2016-01-07,1,GROCERY I,2500.0,2
1958421,2016-01-08,1,BEVERAGES,2208.0,1
1958430,2016-01-08,1,GROCERY I,2985.0,4
1960203,2016-01-09,1,BEVERAGES,2360.0,0
1960212,2016-01-09,1,GROCERY I,2427.0,6
1961985,2016-01-10,1,BEVERAGES,991.0,4
1961994,2016-01-10,1,GROCERY I,1061.0,16
1963767,2016-01-11,1,BEVERAGES,2001.0,1
1963776,2016-01-11,1,GROCERY I,2474.0,3
1965549,2016-01-12,1,BEVERAGES,2339.0,4
1965558,2016-01-12,1,GROCERY I,3035.0,11
1967331,2016-01-13,1,BEVERAGES,2141.0,4
1967340,2016-01-13,1,GROCERY I,2617.0,16
1969113,2016-01-14,1,BEVERAGES,2422.0,4
1969122,2016-01-14,1,GROCERY I,2403.0,15
1970895,2016-01-15,1,BEVERAGES,2100.0,2
1970904,2016-01-15,1,GROCERY I,2291.0,4
1972677,2016-01-16,1,BEVERAGES,2457.0,3
1972686,2016-01-16,1,GROCERY I,2599.0,8
1974459,2016-01-17,1,BEVERAGES,1173.0,3
1974468,2016-01-17,1,GROCERY I,1291.0,12
1976241,2016-01-18,1,BEVERAGES,2399.0,1
1976250,2016-01-18,1,GROCERY I,2659.0,10
1978023,2016-01-19,1,BEVERAGES,1997.0,3
1978032,2016-01-19,1,GROCERY I,2294.0,17
1979805,2016-01-20,1,BEVERAGES,2376.0,5
1979814,2016-01-20,1,GROCERY I,2720.0,23
1981587,2016-01-21,1,BEVERAGES,1771.0,0
1981596,2016-01-21,1,GROCERY I,2053.0,0
1983369,2016-01-22,1,BEVERAGES,2071.0,0
1983378,2016-01-22,1,GROCERY I,2780.0,1
1985151,2016-01-23,1,BEVERAGES,2209.0,0
1985160,2016-01-23,1,GROCERY I,2390.0,2
1986933,2016-01-24,1,BEVERAGES,956.0,0
1986942,2016-01-24,1,GROCERY I,950.0,2
1988715,2016-01-25,1,BEVERAGES,2047.0,0
1988724,2016-01-25,1,GROCERY I,2601.0,2
1990497,2016-01-26,1,BEVERAGES,1882.0,2
1990506,2016-01-26,1,GROCERY I,2289.0,0
1992279,2016-01-27,1,BEVERAGES,2131.0,2
1992288,2016-01-27,1,GROCERY I,2689.0,1
1994061,2016-01-28,1,BEVERAGES,1751.0,23
1994070,2016-01-28,1,GROCERY I,2110.0,32
1995843,2016-01-29,1,BEVERAGES,2391.0,24
1995852,2016-01-29,1,GROCERY I,2490.0,39
1997625,2016-01-30,1,BEVERAGES,2340.0,25
1997634,2016-01-30,1,GROCERY I,2489.0,38
1999407,2016-01-31,1,BEVERAGES,1023.0,17
1999416,2016-01-31,1,GROCERY I,1101.0,30
2001189,2016-02-01,1,BEVERAGES,2450.0,25
2001198,2016-02-01,1,GROCERY I,2731.0,39
2002971,2016-02-02,1,BEVERAGES,1965.0,30
2002980,2016-02-02,1,GROCERY I,2665.0,38
2004753,2016-02-03,1,BEVERAGES,2769.0,30
2004762,2016-02-03,1,GROCERY I,3591.0,39
2006535,2016-02-04,1,BEVERAGES,2083.0,29
2006544,2016-02-04,1,GROCERY I,2432.0,60
2008317,2016-02-05,1,BEVERAGES,2028.0,31
2008326,2016-02-05,1,GROCERY I,2632.0,61
2010099,2016-02-06,1,BEVERAGES,2012.0,34
2010108,2016-02-06,1,GROCERY I,2342.0,69
2011881,2016-02-07,1,BEVERAGES,639.0,17
2011890,2016-02-07,1,GROCERY I,631.0,35
2013663,2016-02-08,1,BEVERAGES,531.0,17
2013672,2016-02-08,1,GROCERY I,703.0,26
2015445,2016-02-09,1,BEVERAGES,742.0,20
2015454,2016-02-09,1,GROCERY I,956.0,40
2017227,2016-02-10,1,BEVERAGES,2247.0,30
2017236,2016-02-10,1,GROCERY I,2778.0,58
2019009,2016-02-11,1,BEVERAGES,2085.0,31
2019018,2016-02-11,1,GROCERY I,2452.0,59
2020791,2016-02-12,1,BEVERAGES,2522.0,28
2020800,2016-02-12,1,GROCERY I,2790.0,59
2022573,2016-02-13,1,BEVERAGES,2281.0,28
2022582,2016-02-13,1,GROCERY I,2557.0,61
2024355,2016-02-14,1,BEVERAGES,974.0,22
2024364,2016-02-14,1,GROCERY I,1117.0,48
2026137,2016-02-15,1,BEVERAGES,2239.0,27
2026146,2016-02-15,1,GROCERY I,2566.0,62
2027919,2016-02-16,1,BEVERAGES,2539.0,7
2027928,2016-02-16,1,GROCERY I,3345.0,24
2029701,2016-02-17,1,BEVERAGES,2313.0,7
2029710,2016-02-17,1,GROCERY I,2891.0,23
2031483,2016-02-18,1,BEVERAGES,2012.0,5
2031492,2016-02-18,1,GROCERY I,2394.0,31
2033265,2016-02-19,1,BEVERAGES,2371.0,6
2033274,2016-02-19,1,GROCERY I,2860.0,29
2035047,2016-02-20,1,BEVERAGES,2760.0,8
2035056,2016-02-20,1,GROCERY I,2747.0,31
2036829,2016-02-21,1,BEVERAGES,1211.0,5
2036838,2016-02-21,1,GROCERY I,1200.0,17
2038611,2016-02-22,1,BEVERAGES,2353.0,7
2038620,2016-02-22,1,GROCERY I,2453.0,20
2040393,2016-02-23,1,BEVERAGES,2115.0,5
2040402,2016-02-23,1,GROCERY I,2451.0,18
2042175,2016-02-24,1,BEVERAGES,2097.0,7
2042184,2016-02-24,1,GROCERY I,2807.0,35
2043957,2016-02-25,1,BEVERAGES,1854.0,7
2043966,2016-02-25,1,GROCERY I,2084.0,4
2045739,2016-02-26,1,BEVERAGES,2171.0,51
2045748,2016-02-26,1,GROCERY I,2563.0,11
2047521,2016-02-27,1,BEVERAGES,2471.0,56
2047530,2016-02-27,1,GROCERY I,2500.0,12
2049303,2016-02-28,1,BEVERAGES,904.0,44
2049312,2016-02-28,1,GROCERY I,903.0,7
2051085,2016-02-29,1,BEVERAGES,2282.0,19
2051094,2016-02-29,1,GROCERY I,2448.0,13
2052867,2016-03-01,1,BEVERAGES,2371.0,15
2052876,2016-03-01,1,GROCERY I,2808.0,13
2054649,2016-03-02,1,BEVERAGES,2432.0,15
2054658,2016-03-02,1,GROCERY I,3137.0,19
2056431,2016-03-03,1,BEVERAGES,2013.0,16
2056440,2016-03-03,1,GROCERY I,2303.0,15
2058213,2016-03-04,1,BEVERAGES,2342.0,16
2058222,2016-03-04,1,GROCERY I,3587.0,15
2059995,2016-03-05,1,BEVERAGES,2562.0,17
2060004,2016-03-05,1,GROCERY I,2878.0,19
2061777,2016-03-06,1,BEVERAGES,1048.0,11
2061786,2016-03-06,1,GROCERY I,1365.0,12
2063559,2016-03-07,1,BEVERAGES,2165.0,11
2063568,2016-03-07,1,GROCERY I,2596.0,15
2065341,2016-03-08,1,BEVERAGES,2027.0,0
2065350,2016-03-08,1,GROCERY I,2531.0,0
2067123,2016-03-09,1,BEVERAGES,2224.0,10
2067132,2016-03-09,1,GROCERY I,2750.0,19
2068905,2016-03-10,1,BEVERAGES,1897.0,9
2068914,2016-03-10,1,GROCERY I,2196.0,13
2070687,2016-03-11,1,BEVERAGES,2208.0,13
2070696,2016-03-11,1,GROCERY I,2714.0,19
2072469,2016-03-12,1,BEVERAGES,2362.0,11
2072478,2016-03-12,1,GROCERY I,2678.0,18
2074251,2016-03-13,1,BEVERAGES,970.0,7
2074260,2016-03-13,1,GROCERY I,1134.0,12
2076033,2016-03-14,1,BEVERAGES,2238.0,13
2076042,2016-03-14,1,GROCERY I,2266.0,18
2077815,2016-03-15,1,BEVERAGES,2049.0,16
2077824,2016-03-15,1,GROCERY I,2986.0,19
2079597,2016-03-16,1,BEVERAGES,2329.0,10
2079606,2016-03-16,1,GROCERY I,3039.0,19
2081379,2016-03-17,1,BEVERAGES,2101.0,10
2081388,2016-03-17,1,GROCERY I,2427.0,44
2083161,2016-03-18,1,BEVERAGES,2224.0,8
2083170,2016-03-18,1,GROCERY I,2478.0,24
2084943,2016-03-19,1,BEVERAGES,2302.0,7
2084952,2016-03-19,1,GROCERY I,2514.0,24
2086725,2016-03-20,1,BEVERAGES,1067.0,3
2086734,2016-03-20,1,GROCERY I,1313.0,16
2088507,2016-03-21,1,BEVERAGES,2149.0,3
2088516,2016-03-21,1,GROCERY I,2456.0,29
2090289,2016-03-22,1,BEVERAGES,1991.0,6
2090298,2016-03-22,1,GROCERY I,2356.0,23
2092071,2016-03-23,1,BEVERAGES,2208.0,6
2092080,2016-03-23,1,GROCERY I,2774.0,28
2093853,2016-03-24,1,BEVERAGES,2653.0,7
2093862,2016-03-24,1,GROCERY I,2941.0,31
2095635,2016-03-25,1,BEVERAGES,899.0,4
2095644,2016-03-25,1,GROCERY I,824.0,19
2097417,2016-03-26,1,BEVERAGES,1723.0,8
2097426,2016-03-26,1,GROCERY I,1748.0,27
2099199,2016-03-27,1,BEVERAGES,862.0,1
2099208,2016-03-27,1,GROCERY I,977.0,19
2100981,2016-03-28,1,BEVERAGES,1986.0,6
2100990,2016-03-28,1,GROCERY I,2309.0,28
2102763,2016-03-29,1,BEVERAGES,2223.0,5
2102772,2016-03-29,1,GROCERY I,2698.0,27
2104545,2016-03-30,1,BEVERAGES,2163.0,6
2104554,2016-03-30,1,GROCERY I,2632.0,24
2106327,2016-03-31,1,BEVERAGES,2051.0,6
2106336,2016-03-31,1,GROCERY I,2407.0,24
2108109,2016-04-01,1,BEVERAGES,2274.0,8
2108118,2016-04-01,1,GROCERY I,3554.0,27
2109891,2016-04-02,1,BEVERAGES,2317.0,2
2109900,2016-04-02,1,GROCERY I,3028.0,23
2111673,2016-04-03,1,BEVERAGES,1112.0,2
2111682,2016-04-03,1,GROCERY I,1319.0,18
2113455,2016-04-04,1,BEVERAGES,2067.0,4
2113464,2016-04-04,1,GROCERY I,2792.0,26
2115237,2016-04-05,1,BEVERAGES,1897.0,5
2115246,2016-04-05,1,GROCERY I,2657.0,20
2117019,2016-04-06,1,BEVERAGES,2196.0,6
2117028,2016-04-06,1,GROCERY I,2784.0,28
2118801,2016-04-07,1,BEVERAGES,2041.0,31
2118810,2016-04-07,1,GROCERY I,2625.0,49
2120583,2016-04-08,1,BEVERAGES,2262.0,41
2120592,2016-04-08,1,GROCERY I,2486.0,67
2122365,2016-04-09,1,BEVERAGES,2227.0,42
2122374,2016-04-09,1,GROCERY I,2523.0,51
2124147,2016-04-10,1,BEVERAGES,1059.0,30
2124156,2016-04-10,1,GROCERY I,1179.0,31
2125929,2016-04-11,1,BEVERAGES,2177.0,38
2125938,2016-04-11,1,GROCERY I,2578.0,54
2127711,2016-04-12,1,BEVERAGES,1745.0,35
2127720,2016-04-12,1,GROCERY I,2406.0,54
2129493,2016-04-13,1,BEVERAGES,2342.0,47
2129502,2016-04-13,1,GROCERY I,2821.0,76
2131275,2016-04-14,1,BEVERAGES,1835.0,5
2131284,2016-04-14,1,GROCERY I,2236.0,13
2133057,2016-04-15,1,BEVERAGES,2009.0,2
2133066,2016-04-15,1,GROCERY I,2621.0,16
2134839,2016-04-16,1,BEVERAGES,2073.0,5
2134848,2016-04-16,1,GROCERY I,2439.0,22
2136621,2016-04-17,1,BEVERAGES,1717.0,3
2136630,2016-04-17,1,GROCERY I,2649.0,18
2138403,2016-04-18,1,BEVERAGES,4155.0,1
2138412,2016-04-18,1,GROCERY I,9065.0,18
2140185,2016-04-19,1,BEVERAGES,5051.0,5
2140194,2016-04-19,1,GROCERY I,8221.0,19
2141967,2016-04-20,1,BEVERAGES,4239.0,19
2141976,2016-04-20,1,GROCERY I,5438.0,28
2143749,2016-04-21,1,BEVERAGES,2872.0,18
2143758,2016-04-21,1,GROCERY I,4768.0,39
2145531,2016-04-22,1,BEVERAGES,2940.0,19
2145540,2016-04-22,1,GROCERY I,4871.0,26
2147313,2016-04-23,1,BEVERAGES,2283.0,15
2147322,2016-04-23,1,GROCERY I,3039.0,27
2149095,2016-04-24,1,BEVERAGES,1279.0,23
2149104,2016-04-24,1,GROCERY I,1554.0,34
2150877,2016-04-25,1,BEVERAGES,1928.0,18
2150886,2016-04-25,1,GROCERY I,2528.0,30
2152659,2016-04-26,1,BEVERAGES,2016.0,13
2152668,2016-04-26,1,GROCERY I,2535.0,33
2154441,2016-04-27,1,BEVERAGES,2347.0,19
2154450,2016-04-27,1,GROCERY I,2779.0,45
2156223,2016-04-28,1,BEVERAGES,2074.0,19
2156232,2016-04-28,1,GROCERY I,2989.0,63
2158005,2016-04-29,1,BEVERAGES,2322.0,24
2158014,2016-04-29,1,GROCERY I,2786.0,57
2159787,2016-04-30,1,BEVERAGES,2556.0,25
2159796,2016-04-30,1,GROCERY I,2920.0,69
2161569,2016-05-01,1,BEVERAGES,1148.0,17
2161578,2016-05-01,1,GROCERY I,1470.0,44
2163351,2016-05-02,1,BEVERAGES,2321.0,10
2163360,2016-05-02,1,GROCERY I,2870.0,41
2165133,2016-05-03,1,BEVERAGES,1908.0,6
2165142,2016-05-03,1,GROCERY I,2628.0,53
2166915,2016-05-04,1,BEVERAGES,2281.0,17
2166924,2016-05-04,1,GROCERY I,3279.0,63
2168697,2016-05-05,1,BEVERAGES,2076.0,14
2168706,2016-05-05,1,GROCERY I,2977.0,59
2170479,2016-05-06,1,BEVERAGES,2642.0,7
2170488,2016-05-06,1,GROCERY I,2994.0,52
2172261,2016-05-07,1,BEVERAGES,2686.0,5
2172270,2016-05-07,1,GROCERY I,3156.0,54
2174043,2016-05-08,1,BEVERAGES,856.0,6
2174052,2016-05-08,1,GROCERY I,852.0,36
2175825,2016-05-09,1,BEVERAGES,2135.0,9
2175834,2016-05-09,1,GROCERY I,2969.0,54
2177607,2016-05-10,1,BEVERAGES,1747.0,7
2177616,2016-05-10,1,GROCERY I,2279.0,50
2179389,2016-05-11,1,BEVERAGES,2101.0,15
2179398,2016-05-11,1,GROCERY I,2897.0,34
2181171,2016-05-12,1,BEVERAGES,1792.0,10
2181180,2016-05-12,1,GROCERY I,2423.0,34
2182953,2016-05-13,1,BEVERAGES,2185.0,11
2182962,2016-05-13,1,GROCERY I,2783.0,29
2184735,2016-05-14,1,BEVERAGES,2145.0,11
2184744,2016-05-14,1,GROCERY I,2713.0,26
2186517,2016-05-15,1,BEVERAGES,1103.0,6
2186526,2016-05-15,1,GROCERY I,1183.0,16
2188299,2016-05-16,1,BEVERAGES,2342.0,17
2188308,2016-05-16,1,GROCERY I,2893.0,27
2190081,2016-05-17,1,BEVERAGES,2116.0,9
2190090,2016-05-17,1,GROCERY I,3123.0,30
2191863,2016-05-18,1,BEVERAGES,2128.0,11
2191872,2016-05-18,1,GROCERY I,2898.0,35
2193645,2016-05-19,1,BEVERAGES,1839.0,8
2193654,2016-05-19,1,GROCERY I,2249.0,31
2195427,2016-05-20,1,BEVERAGES,2212.0,15
2195436,2016-05-20,1,GROCERY I,2523.0,43
2197209,2016-05-21,1,BEVERAGES,2202.0,9
2197218,2016-05-21,1,GROCERY I,2700.0,28
2198991,2016-05-22,1,BEVERAGES,852.0,5
2199000,2016-05-22,1,GROCERY I,1221.0,17
2200773,2016-05-23,1,BEVERAGES,1870.0,8
2200782,2016-05-23,1,GROCERY I,2415.0,33
2202555,2016-05-24,1,BEVERAGES,1705.0,9
2202564,2016-05-24,1,GROCERY I,2293.0,26
2204337,2016-05-25,1,BEVERAGES,2036.0,9
2204346,2016-05-25,1,GROCERY I,2501.0,34
2206119,2016-05-26,1,BEVERAGES,2043.0,37
2206128,2016-05-26,1,GROCERY I,2592.0,59
2207901,2016-05-27,1,BEVERAGES,1106.0,24
2207910,2016-05-27,1,GROCERY I,1153.0,42
2209683,2016-05-28,1,BEVERAGES,1691.0,32
2209692,2016-05-28,1,GROCERY I,1895.0,49
2211465,2016-05-29,1,BEVERAGES,868.0,25
2211474,2016-05-29,1,GROCERY I,1008.0,29
2213247,2016-05-30,1,BEVERAGES,1992.0,33
2213256,2016-05-30,1,GROCERY I,2756.0,59
2215029,2016-05-31,1,BEVERAGES,2183.0,39
2215038,2016-05-31,1,GROCERY I,3496.0,77
2216811,2016-06-01,1,BEVERAGES,2199.0,37
2216820,2016-06-01,1,GROCERY I,3404.0,76
2218593,2016-06-02,1,BEVERAGES,1588.0,35
2218602,2016-06-02,1,GROCERY I,2469.0,65
2220375,2016-06-03,1,BEVERAGES,2143.0,31
2220384,2016-06-03,1,GROCERY I,3876.0,53
2222157,2016-06-04,1,BEVERAGES,2194.0,39
2222166,2016-06-04,1,GROCERY I,2799.0,53
2223939,2016-06-05,1,BEVERAGES,1038.0,25
2223948,2016-06-05,1,GROCERY I,1106.0,27
2225721,2016-06-06,1,BEVERAGES,2098.0,36
2225730,2016-06-06,1,GROCERY I,2821.0,51
2227503,2016-06-07,1,BEVERAGES,1762.0,26
2227512,2016-06-07,1,GROCERY I,2790.0,49
2229285,2016-06-08,1,BEVERAGES,1994.0,38
2229294,2016-06-08,1,GROCERY I,3208.0,55
2231067,2016-06-09,1,BEVERAGES,1431.0,25
2231076,2016-06-09,1,GROCERY I,2079.0,37
2232849,2016-06-10,1,BEVERAGES,2221.0,26
2232858,2016-06-10,1,GROCERY I,2900.0,67
2234631,2016-06-11,1,BEVERAGES,2349.0,28
2234640,2016-06-11,1,GROCERY I,2436.0,48
2236413,2016-06-12,1,BEVERAGES,973.0,22
2236422,2016-06-12,1,GROCERY I,1184.0,30
2238195,2016-06-13,1,BEVERAGES,2311.0,33
2238204,2016-06-13,1,GROCERY I,2374.0,46
2239977,2016-06-14,1,BEVERAGES,1708.0,21
2239986,2016-06-14,1,GROCERY I,2301.0,41
2241759,2016-06-15,1,BEVERAGES,2052.0,27
2241768,2016-06-15,1,GROCERY I,3015.0,65
2243541,2016-06-16,1,BEVERAGES,1705.0,23
2243550,2016-06-16,1,GROCERY I,2370.0,46
2245323,2016-06-17,1,BEVERAGES,2209.0,26
2245332,2016-06-17,1,GROCERY I,2624.0,62
2247105,2016-06-18,1,BEVERAGES,2104.0,27
2247114,2016-06-18,1,GROCERY I,2823.0,51
2248887,2016-06-19,1,BEVERAGES,989.0,21
2248896,2016-06-19,1,GROCERY I,1042.0,38
2250669,2016-06-20,1,BEVERAGES,2232.0,34
2250678,2016-06-20,1,GROCERY I,2598.0,49
2252451,2016-06-21,1,BEVERAGES,1840.0,35
2252460,2016-06-21,1,GROCERY I,2525.0,53
2254233,2016-06-22,1,BEVERAGES,2363.0,32
2254242,2016-06-22,1,GROCERY I,2685.0,67
2256015,2016-06-23,1,BEVERAGES,1729.0,6
2256024,2016-06-23,1,GROCERY I,2330.0,47
2257797,2016-06-24,1,BEVERAGES,1862.0,6
2257806,2016-06-24,1,GROCERY I,2550.0,53
2259579,2016-06-25,1,BEVERAGES,2060.0,6
2259588,2016-06-25,1,GROCERY I,2529.0,52
2261361,2016-06-26,1,BEVERAGES,1103.0,5
2261370,2016-06-26,1,GROCERY I,1216.0,40
2263143,2016-06-27,1,BEVERAGES,2377.0,6
2263152,2016-06-27,1,GROCERY I,2390.0,47
2264925,2016-06-28,1,BEVERAGES,2353.0,5
2264934,2016-06-28,1,GROCERY I,2987.0,42
2266707,2016-06-29,1,BEVERAGES,2009.0,5
2266716,2016-06-29,1,GROCERY I,2596.0,45
2268489,2016-06-30,1,BEVERAGES,1631.0,8
2268498,2016-06-30,1,GROCERY I,2155.0,49
2270271,2016-07-01,1,BEVERAGES,2298.0,8
2270280,2016-07-01,1,GROCERY I,3213.0,45
2272053,2016-07-02,1,BEVERAGES,2127.0,4
2272062,2016-07-02,1,GROCERY I,2795.0,38
2273835,2016-07-03,1,BEVERAGES,973.0,7
2273844,2016-07-03,1,GROCERY I,1263.0,27
2275617,2016-07-04,1,BEVERAGES,2033.0,8
2275626,2016-07-04,1,GROCERY I,2946.0,48
2277399,2016-07-05,1,BEVERAGES,1941.0,13
2277408,2016-07-05,1,GROCERY I,2479.0,45
2279181,2016-07-06,1,BEVERAGES,2400.0,29
2279190,2016-07-06,1,GROCERY I,3117.0,68
2280963,2016-07-07,1,BEVERAGES,1697.0,15
2280972,2016-07-07,1,GROCERY I,2325.0,41
2282745,2016-07-08,1,BEVERAGES,2322.0,13
2282754,2016-07-08,1,GROCERY I,2807.0,38
2284527,2016-07-09,1,BEVERAGES,2089.0,16
2284536,2016-07-09,1,GROCERY I,2196.0,34
2286309,2016-07-10,1,BEVERAGES,787.0,11
2286318,2016-07-10,1,GROCERY I,1044.0,28
2288091,2016-07-11,1,BEVERAGES,2048.0,13
2288100,2016-07-11,1,GROCERY I,2373.0,46
2289873,2016-07-12,1,BEVERAGES,1769.0,14
2289882,2016-07-12,1,GROCERY I,2254.0,41
2291655,2016-07-13,1,BEVERAGES,2332.0,8
2291664,2016-07-13,1,GROCERY I,2955.0,49
2293437,2016-07-14,1,BEVERAGES,1867.0,6
2293446,2016-07-14,1,GROCERY I,2379.0,39
2295219,2016-07-15,1,BEVERAGES,2162.0,8
2295228,2016-07-15,1,GROCERY I,3094.0,47
2297001,2016-07-16,1,BEVERAGES,2301.0,7
2297010,2016-07-16,1,GROCERY I,2712.0,46
2298783,2016-07-17,1,BEVERAGES,982.0,5
2298792,2016-07-17,1,GROCERY I,1070.0,29
2300565,2016-07-18,1,BEVERAGES,2066.0,9
2300574,2016-07-18,1,GROCERY I,2540.0,35
2302347,2016-07-19,1,BEVERAGES,1875.0,6
2302356,2016-07-19,1,GROCERY I,2457.0,39
2304129,2016-07-20,1,BEVERAGES,2086.0,9
2304138,2016-07-20,1,GROCERY I,2843.0,52
2305911,2016-07-21,1,BEVERAGES,1763.0,6
2305920,2016-07-21,1,GROCERY I,2365.0,40
2307693,2016-07-22,1,BEVERAGES,2250.0,12
2307702,2016-07-22,1,GROCERY I,2755.0,41
2309475,2016-07-23,1,BEVERAGES,2025.0,6
2309484,2016-07-23,1,GROCERY I,2329.0,35
2311257,2016-07-24,1,BEVERAGES,815.0,4
2311266,2016-07-24,1,GROCERY I,1150.0,28
2313039,2016-07-25,1,BEVERAGES,1929.0,6
2313048,2016-07-25,1,GROCERY I,2285.0,35
2314821,2016-07-26,1,BEVERAGES,1898.0,5
2314830,2016-07-26,1,GROCERY I,2428.0,38
2316603,2016-07-27,1,BEVERAGES,2166.0,0
2316612,2016-07-27,1,GROCERY I,2842.0,0
2318385,2016-07-28,1,BEVERAGES,1742.0,9
2318394,2016-07-28,1,GROCERY I,2275.0,37
2320167,2016-07-29,1,BEVERAGES,1671.0,6
2320176,2016-07-29,1,GROCERY I,2243.0,41
2321949,2016-07-30,1,BEVERAGES,2286.0,9
2321958,2016-07-30,1,GROCERY I,2697.0,46
2323731,2016-07-31,1,BEVERAGES,858.0,4
2323740,2016-07-31,1,GROCERY I,1047.0,27
2325513,2016-08-01,1,BEVERAGES,2418.0,10
2325522,2016-08-01,1,GROCERY I,3121.0,35
2327295,2016-08-02,1,BEVERAGES,1859.0,12
2327304,2016-08-02,1,GROCERY I,2577.0,37
2329077,2016-08-03,1,BEVERAGES,2411.0,16
2329086,2016-08-03,1,GROCERY I,3139.0,32
2330859,2016-08-04,1,BEVERAGES,1741.0,24
2330868,2016-08-04,1,GROCERY I,2435.0,17
2332641,2016-08-05,1,BEVERAGES,2349.0,33
2332650,2016-08-05,1,GROCERY I,2845.0,24
2334423,2016-08-06,1,BEVERAGES,2206.0,24
2334432,2016-08-06,1,GROCERY I,2304.0,17
2336205,2016-08-07,1,BEVERAGES,873.0,20
2336214,2016-08-07,1,GROCERY I,917.0,18
2337987,2016-08-08,1,BEVERAGES,2168.0,28
2337996,2016-08-08,1,GROCERY I,2684.0,20
2339769,2016-08-09,1,BEVERAGES,2102.0,37
2339778,2016-08-09,1,GROCERY I,2486.0,27
2341551,2016-08-10,1,BEVERAGES,2135.0,25
2341560,2016-08-10,1,GROCERY I,2374.0,22
2343333,2016-08-11,1,BEVERAGES,2017.0,22
2343342,2016-08-11,1,GROCERY I,2511.0,20
2345115,2016-08-12,1,BEVERAGES,1038.0,24
2345124,2016-08-12,1,GROCERY I,1055.0,17
2346897,2016-08-13,1,BEVERAGES,1613.0,29
2346906,2016-08-13,1,GROCERY I,1621.0,18
2348679,2016-08-14,1,BEVERAGES,743.0,14
2348688,2016-08-14,1,GROCERY I,728.0,14
2350461,2016-08-15,1,BEVERAGES,2420.0,37
2350470,2016-08-15,1,GROCERY I,3181.0,24
2352243,2016-08-16,1,BEVERAGES,2010.0,23
2352252,2016-08-16,1,GROCERY I,2436.0,22
2354025,2016-08-17,1,BEVERAGES,2346.0,34
2354034,2016-08-17,1,GROCERY I,2422.0,24
2355807,2016-08-18,1,BEVERAGES,1907.0,24
2355816,2016-08-18,1,GROCERY I,2201.0,20
2357589,2016-08-19,1,BEVERAGES,2218.0,26
2357598,2016-08-19,1,GROCERY I,2538.0,23
2359371,2016-08-20,1,BEVERAGES,2103.0,30
2359380,2016-08-20,1,GROCERY I,2308.0,26
2361153,2016-08-21,1,BEVERAGES,893.0,22
2361162,2016-08-21,1,GROCERY I,969.0,17
2362935,2016-08-22,1,BEVERAGES,2176.0,31
2362944,2016-08-22,1,GROCERY I,2360.0,21
2364717,2016-08-23,1,BEVERAGES,2123.0,37
2364726,2016-08-23,1,GROCERY I,2545.0,29
2366499,2016-08-24,1,BEVERAGES,2151.0,27
2366508,2016-08-24,1,GROCERY I,2886.0,32
2368281,2016-08-25,1,BEVERAGES,1820.0,12
2368290,2016-08-25,1,GROCERY I,1999.0,21
2370063,2016-08-26,1,BEVERAGES,2030.0,17
2370072,2016-08-26,1,GROCERY I,2419.0,31
2371845,2016-08-27,1,BEVERAGES,2112.0,14
2371854,2016-08-27,1,GROCERY I,2141.0,19
2373627,2016-08-28,1,BEVERAGES,944.0,10
2373636,2016-08-28,1,GROCERY I,1045.0,20
2375409,2016-08-29,1,BEVERAGES,1925.0,14
2375418,2016-08-29,1,GROCERY I,2280.0,27
2377191,2016-08-30,1,BEVERAGES,1990.0,15
2377200,2016-08-30,1,GROCERY I,2337.0,28
2378973,2016-08-31,1,BEVERAGES,2169.0,17
2378982,2016-08-31,1,GROCERY I,2903.0,32
2380755,2016-09-01,1,BEVERAGES,2224.0,12
2380764,2016-09-01,1,GROCERY I,2935.0,22
2382537,2016-09-02,1,BEVERAGES,2418.0,11
2382546,2016-09-02,1,GROCERY I,2798.0,18
2384319,2016-09-03,1,BEVERAGES,2167.0,11
2384328,2016-09-03,1,GROCERY I,2534.0,21
2386101,2016-09-04,1,BEVERAGES,921.0,7
2386110,2016-09-04,1,GROCERY I,1282.0,7
2387883,2016-09-05,1,BEVERAGES,2240.0,13
2387892,2016-09-05,1,GROCERY I,2432.0,16
2389665,2016-09-06,1,BEVERAGES,2391.0,13
2389674,2016-09-06,1,GROCERY I,2943.0,17
2391447,2016-09-07,1,BEVERAGES,2060.0,10
2391456,2016-09-07,1,GROCERY I,2646.0,26
2393229,2016-09-08,1,BEVERAGES,1946.0,8
2393238,2016-09-08,1,GROCERY I,2380.0,21
2395011,2016-09-09,1,BEVERAGES,2451.0,14
2395020,2016-09-09,1,GROCERY I,2604.0,25
2396793,2016-09-10,1,BEVERAGES,2251.0,8
2396802,2016-09-10,1,GROCERY I,2370.0,19
2398575,2016-09-11,1,BEVERAGES,864.0,2
2398584,2016-09-11,1,GROCERY I,1059.0,11
2400357,2016-09-12,1,BEVERAGES,2453.0,10
2400366,2016-09-12,1,GROCERY I,2664.0,18
2402139,2016-09-13,1,BEVERAGES,1942.0,0
2402148,2016-09-13,1,GROCERY I,2623.0,0
2403921,2016-09-14,1,BEVERAGES,1992.0,6
2403930,2016-09-14,1,GROCERY I,2597.0,23
2405703,2016-09-15,1,BEVERAGES,1766.0,44
2405712,2016-09-15,1,GROCERY I,2290.0,28
2407485,2016-09-16,1,BEVERAGES,2414.0,46
2407494,2016-09-16,1,GROCERY I,2625.0,28
2409267,2016-09-17,1,BEVERAGES,2521.0,54
2409276,2016-09-17,1,GROCERY I,2645.0,27
2411049,2016-09-18,1,BEVERAGES,1177.0,40
2411058,2016-09-18,1,GROCERY I,1200.0,16
2412831,2016-09-19,1,BEVERAGES,2342.0,48
2412840,2016-09-19,1,GROCERY I,2558.0,25
2414613,2016-09-20,1,BEVERAGES,2194.0,54
2414622,2016-09-20,1,GROCERY I,2492.0,28
2416395,2016-09-21,1,BEVERAGES,2159.0,57
2416404,2016-09-21,1,GROCERY I,2753.0,25
2418177,2016-09-22,1,BEVERAGES,1883.0,50
2418186,2016-09-22,1,GROCERY I,2323.0,20
2419959,2016-09-23,1,BEVERAGES,2269.0,53
2419968,2016-09-23,1,GROCERY I,2391.0,28
2421741,2016-09-24,1,BEVERAGES,2340.0,58
2421750,2016-09-24,1,GROCERY I,2496.0,24
2423523,2016-09-25,1,BEVERAGES,1121.0,42
2423532,2016-09-25,1,GROCERY I,1030.0,14
2425305,2016-09-26,1,BEVERAGES,1957.0,56
2425314,2016-09-26,1,GROCERY I,2161.0,23
2427087,2016-09-27,1,BEVERAGES,2009.0,55
2427096,2016-09-27,1,GROCERY I,2255.0,25
2428869,2016-09-28,1,BEVERAGES,2379.0,51
2428878,2016-09-28,1,GROCERY I,2735.0,23
2430651,2016-09-29,1,BEVERAGES,1805.0,53
2430660,2016-09-29,1,GROCERY I,2131.0,24
2432433,2016-09-30,1,BEVERAGES,2028.0,54
2432442,2016-09-30,1,GROCERY I,2579.0,29
2434215,2016-10-01,1,BEVERAGES,2799.0,55
2434224,2016-10-01,1,GROCERY I,3369.0,25
2435997,2016-10-02,1,BEVERAGES,1277.0,43
2436006,2016-10-02,1,GROCERY I,1532.0,16
2437779,2016-10-03,1,BEVERAGES,2762.0,55
2437788,2016-10-03,1,GROCERY I,2982.0,26
2439561,2016-10-04,1,BEVERAGES,2624.0,51
2439570,2016-10-04,1,GROCERY I,2750.0,27
2441343,2016-10-05,1,BEVERAGES,2573.0,54
2441352,2016-10-05,1,GROCERY I,3834.0,35
2443125,2016-10-06,1,BEVERAGES,2342.0,4
2443134,2016-10-06,1,GROCERY I,2458.0,42
2444907,2016-10-07,1,BEVERAGES,2081.0,6
2444916,2016-10-07,1,GROCERY I,2592.0,45
2446689,2016-10-08,1,BEVERAGES,2279.0,6
2446698,2016-10-08,1,GROCERY I,2615.0,40
2448471,2016-10-09,1,BEVERAGES,1221.0,3
2448480,2016-10-09,1,GROCERY I,1361.0,37
2450253,2016-10-10,1,BEVERAGES,2206.0,5
2450262,2016-10-10,1,GROCERY I,2535.0,47
2452035,2016-10-11,1,BEVERAGES,1812.0,7
2452044,2016-10-11,1,GROCERY I,2390.0,44
2453817,2016-10-12,1,BEVERAGES,2584.0,8
2453826,2016-10-12,1,GROCERY I,2722.0,48
2455599,2016-10-13,1,BEVERAGES,1664.0,5
2455608,2016-10-13,1,GROCERY I,2093.0,41
2457381,2016-10-14,1,BEVERAGES,2647.0,11
2457390,2016-10-14,1,GROCERY I,2637.0,53
2459163,2016-10-15,1,BEVERAGES,2212.0,9
2459172,2016-10-15,1,GROCERY I,2562.0,44
2460945,2016-10-16,1,BEVERAGES,1454.0,5
2460954,2016-10-16,1,GROCERY I,1494.0,35
2462727,2016-10-17,1,BEVERAGES,2490.0,7
2462736,2016-10-17,1,GROCERY I,2605.0,47
2464509,2016-10-18,1,BEVERAGES,1895.0,9
2464518,2016-10-18,1,GROCERY I,2443.0,46
2466291,2016-10-19,1,BEVERAGES,2563.0,8
2466300,2016-10-19,1,GROCERY I,2788.0,51
2468073,2016-10-20,1,BEVERAGES,2176.0,8
2468082,2016-10-20,1,GROCERY I,2445.0,41
2469855,2016-10-21,1,BEVERAGES,2469.0,14
2469864,2016-10-21,1,GROCERY I,2438.0,47
2471637,2016-10-22,1,BEVERAGES,2570.0,17
2471646,2016-10-22,1,GROCERY I,2755.0,43
2473419,2016-10-23,1,BEVERAGES,1106.0,10
2473428,2016-10-23,1,GROCERY I,1360.0,29
2475201,2016-10-24,1,BEVERAGES,1783.0,15
2475210,2016-10-24,1,GROCERY I,2455.0,41
2476983,2016-10-25,1,BEVERAGES,2090.0,15
2476992,2016-10-25,1,GROCERY I,2783.0,37
2478765,2016-10-26,1,BEVERAGES,2032.0,47
2478774,2016-10-26,1,GROCERY I,2785.0,97
2480547,2016-10-27,1,BEVERAGES,2143.0,42
2480556,2016-10-27,1,GROCERY I,2633.0,69
2482329,2016-10-28,1,BEVERAGES,2576.0,38
2482338,2016-10-28,1,GROCERY I,2854.0,73
2484111,2016-10-29,1,BEVERAGES,2574.0,45
2484120,2016-10-29,1,GROCERY I,2652.0,75
2485893,2016-10-30,1,BEVERAGES,1059.0,36
2485902,2016-10-30,1,GROCERY I,1364.0,57
2487675,2016-10-31,1,BEVERAGES,1777.0,45
2487684,2016-10-31,1,GROCERY I,2332.0,72
2489457,2016-11-01,1,BEVERAGES,3009.0,45
2489466,2016-11-01,1,GROCERY I,4118.0,63
2491239,2016-11-02,1,BEVERAGES,873.0,43
2491248,2016-11-02,1,GROCERY I,1074.0,59
2493021,2016-11-03,1,BEVERAGES,739.0,36
2493030,2016-11-03,1,GROCERY I,888.0,48
2494803,2016-11-04,1,BEVERAGES,1637.0,52
2494812,2016-11-04,1,GROCERY I,1686.0,71
2496585,2016-11-05,1,BEVERAGES,1839.0,42
2496594,2016-11-05,1,GROCERY I,1860.0,63
2498367,2016-11-06,1,BEVERAGES,1054.0,43
2498376,2016-11-06,1,GROCERY I,1142.0,57
2500149,2016-11-07,1,BEVERAGES,2538.0,42
2500158,2016-11-07,1,GROCERY I,3004.0,71
2501931,2016-11-08,1,BEVERAGES,2542.0,46
2501940,2016-11-08,1,GROCERY I,2966.0,73
2503713,2016-11-09,1,BEVERAGES,3557.0,48
2503722,2016-11-09,1,GROCERY I,4669.0,94
2505495,2016-11-10,1,BEVERAGES,2251.0,50
2505504,2016-11-10,1,GROCERY I,2466.0,83
2507277,2016-11-11,1,BEVERAGES,2351.0,43
2507286,2016-11-11,1,GROCERY I,2660.0,83
2509059,2016-11-12,1,BEVERAGES,2626.0,41
2509068,2016-11-12,1,GROCERY I,2753.0,75
2510841,2016-11-13,1,BEVERAGES,1221.0,34
2510850,2016-11-13,1,GROCERY I,1353.0,62
2512623,2016-11-14,1,BEVERAGES,2354.0,42
2512632,2016-11-14,1,GROCERY I,3061.0,90
2514405,2016-11-15,1,BEVERAGES,2231.0,40
2514414,2016-11-15,1,GROCERY I,2802.0,69
2516187,2016-11-16,1,BEVERAGES,2818.0,55
2516196,2016-11-16,1,GROCERY I,2999.0,127
2517969,2016-11-17,1,BEVERAGES,2293.0,49
2517978,2016-11-17,1,GROCERY I,2545.0,90
2519751,2016-11-18,1,BEVERAGES,2229.0,45
2519760,2016-11-18,1,GROCERY I,2998.0,90
2521533,2016-11-19,1,BEVERAGES,2723.0,50
2521542,2016-11-19,1,GROCERY I,2850.0,92
2523315,2016-11-20,1,BEVERAGES,1293.0,40
2523324,2016-11-20,1,GROCERY I,1213.0,71
2525097,2016-11-21,1,BEVERAGES,2489.0,56
2525106,2016-11-21,1,GROCERY I,3097.0,92
2526879,2016-11-22,1,BEVERAGES,2074.0,52
2526888,2016-11-22,1,GROCERY I,2690.0,88
2528661,2016-11-23,1,BEVERAGES,2385.0,63
2528670,2016-11-23,1,GROCERY I,3054.0,103
2530443,2016-11-24,1,BEVERAGES,2126.0,65
2530452,2016-11-24,1,GROCERY I,2410.0,91
2532225,2016-11-25,1,BEVERAGES,2665.0,64
2532234,2016-11-25,1,GROCERY I,2652.0,90
2534007,2016-11-26,1,BEVERAGES,2669.0,57
2534016,2016-11-26,1,GROCERY I,2550.0,90
2535789,2016-11-27,1,BEVERAGES,1044.0,51
2535798,2016-11-27,1,GROCERY I,1210.0,78
2537571,2016-11-28,1,BEVERAGES,2655.0,64
2537580,2016-11-28,1,GROCERY I,3013.0,88
2539353,2016-11-29,1,BEVERAGES,2239.0,49
2539362,2016-11-29,1,GROCERY I,2584.0,85
2541135,2016-11-30,1,BEVERAGES,3301.0,68
2541144,2016-11-30,1,GROCERY I,3032.0,92
2542917,2016-12-01,1,BEVERAGES,2647.0,63
2542926,2016-12-01,1,GROCERY I,2663.0,108
2544699,2016-12-02,1,BEVERAGES,3314.0,65
2544708,2016-12-02,1,GROCERY I,4522.0,101
2546481,2016-12-03,1,BEVERAGES,2594.0,65
2546490,2016-12-03,1,GROCERY I,2767.0,91
2548263,2016-12-04,1,BEVERAGES,1316.0,51
2548272,2016-12-04,1,GROCERY I,1581.0,85
2550045,2016-12-05,1,BEVERAGES,2496.0,61
2550054,2016-12-05,1,GROCERY I,2852.0,93
2551827,2016-12-06,1,BEVERAGES,1037.0,51
2551836,2016-12-06,1,GROCERY I,1177.0,78
2553609,2016-12-07,1,BEVERAGES,3078.0,84
2553618,2016-12-07,1,GROCERY I,3695.0,167
2555391,2016-12-08,1,BEVERAGES,2378.0,55
2555400,2016-12-08,1,GROCERY I,3099.0,117
2557173,2016-12-09,1,BEVERAGES,2741.0,58
2557182,2016-12-09,1,GROCERY I,4320.0,114
2558955,2016-12-10,1,BEVERAGES,2677.0,60
2558964,2016-12-10,1,GROCERY I,2972.0,105
2560737,2016-12-11,1,BEVERAGES,1181.0,47
2560746,2016-12-11,1,GROCERY I,1417.0,92
2562519,2016-12-12,1,BEVERAGES,2701.0,61
2562528,2016-12-12,1,GROCERY I,2991.0,114
2564301,2016-12-13,1,BEVERAGES,3153.0,53
2564310,2016-12-13,1,GROCERY I,4624.0,108
2566083,2016-12-14,1,BEVERAGES,2422.0,60
2566092,2016-12-14,1,GROCERY I,4394.0,109
2567865,2016-12-15,1,BEVERAGES,2320.0,60
2567874,2016-12-15,1,GROCERY I,3410.0,109
2569647,2016-12-16,1,BEVERAGES,2312.0,62
2569656,2016-12-16,1,GROCERY I,3481.0,105
2571429,2016-12-17,1,BEVERAGES,2717.0,57
2571438,2016-12-17,1,GROCERY I,3451.0,113
2573211,2016-12-18,1,BEVERAGES,1651.0,52
2573220,2016-12-18,1,GROCERY I,2044.0,104
2574993,2016-12-19,1,BEVERAGES,3278.0,61
2575002,2016-12-19,1,GROCERY I,3872.0,118
2576775,2016-12-20,1,BEVERAGES,2768.0,68
2576784,2016-12-20,1,GROCERY I,4080.0,123
2578557,2016-12-21,1,BEVERAGES,3146.0,61
2578566,2016-12-21,1,GROCERY I,5162.0,116
2580339,2016-12-22,1,BEVERAGES,2574.0,63
2580348,2016-12-22,1,GROCERY I,5055.0,116
2582121,2016-12-23,1,BEVERAGES,2996.0,57
2582130,2016-12-23,1,GROCERY I,5386.0,125
2583903,2016-12-24,1,BEVERAGES,2576.0,56
2583912,2016-12-24,1,GROCERY I,3609.0,103
2585685,2016-12-26,1,BEVERAGES,696.0,39
2585694,2016-12-26,1,GROCERY I,904.0,80
2587467,2016-12-27,1,BEVERAGES,2379.0,56
2587476,2016-12-27,1,GROCERY I,3156.0,101
2589249,2016-12-28,1,BEVERAGES,2284.0,58
2589258,2016-12-28,1,GROCERY I,2761.0,105
2591031,2016-12-29,1,BEVERAGES,2054.0,51
2591040,2016-12-29,1,GROCERY I,2573.0,101
2592813,2016-12-30,1,BEVERAGES,2581.0,49
2592822,2016-12-30,1,GROCERY I,3292.0,103
2594595,2016-12-31,1,BEVERAGES,2318.0,53
2594604,2016-12-31,1,GROCERY I,2768.0,107
2596377,2017-01-01,1,BEVERAGES,0.0,0
2596386,2017-01-01,1,GROCERY I,0.0,0
2598159,2017-01-02,1,BEVERAGES,1434.0,31
2598168,2017-01-02,1,GROCERY I,1218.0,55
2599941,2017-01-03,1,BEVERAGES,3081.0,42
2599950,2017-01-03,1,GROCERY I,3507.0,78
2601723,2017-01-04,1,BEVERAGES,3039.0,54
2601732,2017-01-04,1,GROCERY I,3665.0,109
2603505,2017-01-05,1,BEVERAGES,2617.0,32
2603514,2017-01-05,1,GROCERY I,3085.0,49
2605287,2017-01-06,1,BEVERAGES,2761.0,39
2605296,2017-01-06,1,GROCERY I,3012.0,62
2607069,2017-01-07,1,BEVERAGES,2503.0,30
2607078,2017-01-07,1,GROCERY I,2898.0,49
2608851,2017-01-08,1,BEVERAGES,1356.0,32
2608860,2017-01-08,1,GROCERY I,1426.0,43
2610633,2017-01-09,1,BEVERAGES,4100.0,34
2610642,2017-01-09,1,GROCERY I,2850.0,50
2612415,2017-01-10,1,BEVERAGES,2370.0,35
2612424,2017-01-10,1,GROCERY I,2939.0,52
2614197,2017-01-11,1,BEVERAGES,2607.0,35
2614206,2017-01-11,1,GROCERY I,3265.0,48
2615979,2017-01-12,1,BEVERAGES,2430.0,31
2615988,2017-01-12,1,GROCERY I,2736.0,51
2617761,2017-01-13,1,BEVERAGES,2784.0,43
2617770,2017-01-13,1,GROCERY I,3014.0,65
2619543,2017-01-14,1,BEVERAGES,2978.0,41
2619552,2017-01-14,1,GROCERY I,2905.0,54
2621325,2017-01-15,1,BEVERAGES,1342.0,36
2621334,2017-01-15,1,GROCERY I,1410.0,50
2623107,2017-01-16,1,BEVERAGES,2609.0,41
2623116,2017-01-16,1,GROCERY I,2719.0,49
2624889,2017-01-17,1,BEVERAGES,2762.0,41
2624898,2017-01-17,1,GROCERY I,3896.0,63
2626671,2017-01-18,1,BEVERAGES,2746.0,41
2626680,2017-01-18,1,GROCERY I,3068.0,59
2628453,2017-01-19,1,BEVERAGES,2399.0,40
2628462,2017-01-19,1,GROCERY I,2395.0,48
2630235,2017-01-20,1,BEVERAGES,1924.0,39
2630244,2017-01-20,1,GROCERY I,2523.0,48
2632017,2017-01-21,1,BEVERAGES,2963.0,40
2632026,2017-01-21,1,GROCERY I,3212.0,51
2633799,2017-01-22,1,BEVERAGES,1083.0,32
2633808,2017-01-22,1,GROCERY I,1190.0,33
2635581,2017-01-23,1,BEVERAGES,3075.0,39
2635590,2017-01-23,1,GROCERY I,3208.0,49
2637363,2017-01-24,1,BEVERAGES,2499.0,40
2637372,2017-01-24,1,GROCERY I,2657.0,56
2639145,2017-01-25,1,BEVERAGES,2498.0,44
2639154,2017-01-25,1,GROCERY I,2830.0,56
2640927,2017-01-26,1,BEVERAGES,1829.0,26
2640936,2017-01-26,1,GROCERY I,2524.0,23
2642709,2017-01-27,1,BEVERAGES,2301.0,32
2642718,2017-01-27,1,GROCERY I,3039.0,31
2644491,2017-01-28,1,BEVERAGES,2662.0,30
2644500,2017-01-28,1,GROCERY I,2792.0,29
2646273,2017-01-29,1,BEVERAGES,1059.0,16
2646282,2017-01-29,1,GROCERY I,1354.0,23
2648055,2017-01-30,1,BEVERAGES,1986.0,30
2648064,2017-01-30,1,GROCERY I,2792.0,27
2649837,2017-01-31,1,BEVERAGES,1965.0,26
2649846,2017-01-31,1,GROCERY I,2463.0,32
2651619,2017-02-01,1,BEVERAGES,2399.0,28
2651628,2017-02-01,1,GROCERY I,3307.0,57
2653401,2017-02-02,1,BEVERAGES,2257.0,18
2653410,2017-02-02,1,GROCERY I,2807.0,27
2655183,2017-02-03,1,BEVERAGES,2236.0,20
2655192,2017-02-03,1,GROCERY I,3091.0,35
2656965,2017-02-04,1,BEVERAGES,2737.0,24
2656974,2017-02-04,1,GROCERY I,3198.0,44
2658747,2017-02-05,1,BEVERAGES,1063.0,20
2658756,2017-02-05,1,GROCERY I,1256.0,45
2660529,2017-02-06,1,BEVERAGES,2238.0,19
2660538,2017-02-06,1,GROCERY I,2561.0,37
2662311,2017-02-07,1,BEVERAGES,2169.0,23
2662320,2017-02-07,1,GROCERY I,2842.0,49
2664093,2017-02-08,1,BEVERAGES,2523.0,32
2664102,2017-02-08,1,GROCERY I,2993.0,68
2665875,2017-02-09,1,BEVERAGES,2112.0,12
2665884,2017-02-09,1,GROCERY I,2638.0,35
2667657,2017-02-10,1,BEVERAGES,2466.0,11
2667666,2017-02-10,1,GROCERY I,3484.0,39
2669439,2017-02-11,1,BEVERAGES,2596.0,11
2669448,2017-02-11,1,GROCERY I,2885.0,41
2671221,2017-02-12,1,BEVERAGES,1147.0,11
2671230,2017-02-12,1,GROCERY I,1210.0,30
2673003,2017-02-13,1,BEVERAGES,2449.0,16
2673012,2017-02-13,1,GROCERY I,3257.0,37
2674785,2017-02-14,1,BEVERAGES,2105.0,13
2674794,2017-02-14,1,GROCERY I,2848.0,26
2676567,2017-02-15,1,BEVERAGES,2141.0,17
2676576,2017-02-15,1,GROCERY I,2740.0,51
2678349,2017-02-16,1,BEVERAGES,1866.0,13
2678358,2017-02-16,1,GROCERY I,2643.0,53
2680131,2017-02-17,1,BEVERAGES,2286.0,16
2680140,2017-02-17,1,GROCERY I,2946.0,53
2681913,2017-02-18,1,BEVERAGES,2906.0,16
2681922,2017-02-18,1,GROCERY I,3462.0,54
2683695,2017-02-19,1,BEVERAGES,1019.0,16
2683704,2017-02-19,1,GROCERY I,1079.0,37
2685477,2017-02-20,1,BEVERAGES,2248.0,17
2685486,2017-02-20,1,GROCERY I,2697.0,54
2687259,2017-02-21,1,BEVERAGES,2419.0,19
2687268,2017-02-21,1,GROCERY I,2831.0,57
2689041,2017-02-22,1,BEVERAGES,2075.0,17
2689050,2017-02-22,1,GROCERY I,3362.0,69
2690823,2017-02-23,1,BEVERAGES,1923.0,13
2690832,2017-02-23,1,GROCERY I,2983.0,69
2692605,2017-02-24,1,BEVERAGES,2508.0,14
2692614,2017-02-24,1,GROCERY I,3120.0,66
2694387,2017-02-25,1,BEVERAGES,2198.0,15
2694396,2017-02-25,1,GROCERY I,2741.0,67
2696169,2017-02-26,1,BEVERAGES,690.0,9
2696178,2017-02-26,1,GROCERY I,927.0,50
2697951,2017-02-27,1,BEVERAGES,669.0,11
2697960,2017-02-27,1,GROCERY I,762.0,52
2699733,2017-02-28,1,BEVERAGES,1059.0,11
2699742,2017-02-28,1,GROCERY I,1392.0,53
2701515,2017-03-01,1,BEVERAGES,3343.0,25
2701524,2017-03-01,1,GROCERY I,3628.0,71
2703297,2017-03-02,1,BEVERAGES,2519.0,20
2703306,2017-03-02,1,GROCERY I,3323.0,52
2705079,2017-03-03,1,BEVERAGES,2536.0,13
2705088,2017-03-03,1,GROCERY I,3391.0,56
2706861,2017-03-04,1,BEVERAGES,2577.0,18
2706870,2017-03-04,1,GROCERY I,3002.0,55
2708643,2017-03-05,1,BEVERAGES,1039.0,12
2708652,2017-03-05,1,GROCERY I,1337.0,41
2710425,2017-03-06,1,BEVERAGES,1898.0,14
2710434,2017-03-06,1,GROCERY I,2819.0,39
2712207,2017-03-07,1,BEVERAGES,2625.0,9
2712216,2017-03-07,1,GROCERY I,4917.0,41
2713989,2017-03-08,1,BEVERAGES,2266.0,12
2713998,2017-03-08,1,GROCERY I,3218.0,40
2715771,2017-03-09,1,BEVERAGES,2084.0,25
2715780,2017-03-09,1,GROCERY I,2700.0,28
2717553,2017-03-10,1,BEVERAGES,2418.0,29
2717562,2017-03-10,1,GROCERY I,2966.0,28
2719335,2017-03-11,1,BEVERAGES,2701.0,31
2719344,2017-03-11,1,GROCERY I,3023.0,21
2721117,2017-03-12,1,BEVERAGES,1338.0,23
2721126,2017-03-12,1,GROCERY I,1438.0,21
2722899,2017-03-13,1,BEVERAGES,2322.0,29
2722908,2017-03-13,1,GROCERY I,2858.0,22
2724681,2017-03-14,1,BEVERAGES,2216.0,29
2724690,2017-03-14,1,GROCERY I,2775.0,22
2726463,2017-03-15,1,BEVERAGES,2648.0,29
2726472,2017-03-15,1,GROCERY I,3097.0,26
2728245,2017-03-16,1,BEVERAGES,2057.0,28
2728254,2017-03-16,1,GROCERY I,2933.0,22
2730027,2017-03-17,1,BEVERAGES,2955.0,31
2730036,2017-03-17,1,GROCERY I,3456.0,20
2731809,2017-03-18,1,BEVERAGES,2502.0,29
2731818,2017-03-18,1,GROCERY I,3015.0,20
2733591,2017-03-19,1,BEVERAGES,1094.0,22
2733600,2017-03-19,1,GROCERY I,1458.0,19
2735373,2017-03-20,1,BEVERAGES,2370.0,25
2735382,2017-03-20,1,GROCERY I,3157.0,19
2737155,2017-03-21,1,BEVERAGES,2873.0,21
2737164,2017-03-21,1,GROCERY I,3562.0,21
2738937,2017-03-22,1,BEVERAGES,2658.0,24
2738946,2017-03-22,1,GROCERY I,3074.0,27
2740719,2017-03-23,1,BEVERAGES,2333.0,20
2740728,2017-03-23,1,GROCERY I,2728.0,22
2742501,2017-03-24,1,BEVERAGES,2745.0,19
2742510,2017-03-24,1,GROCERY I,3321.0,24
2744283,2017-03-25,1,BEVERAGES,2356.0,21
2744292,2017-03-25,1,GROCERY I,2853.0,25
2746065,2017-03-26,1,BEVERAGES,1110.0,16
2746074,2017-03-26,1,GROCERY I,1330.0,18
2747847,2017-03-27,1,BEVERAGES,2388.0,21
2747856,2017-03-27,1,GROCERY I,2830.0,22
2749629,2017-03-28,1,BEVERAGES,2184.0,17
2749638,2017-03-28,1,GROCERY I,2937.0,20
2751411,2017-03-29,1,BEVERAGES,2450.0,23
2751420,2017-03-29,1,GROCERY I,3104.0,29
2753193,2017-03-30,1,BEVERAGES,1971.0,3
2753202,2017-03-30,1,GROCERY I,2557.0,34
2754975,2017-03-31,1,BEVERAGES,2351.0,7
2754984,2017-03-31,1,GROCERY I,3185.0,38
2756757,2017-04-01,1,BEVERAGES,3229.0,8
2756766,2017-04-01,1,GROCERY I,3912.0,39
2758539,2017-04-02,1,BEVERAGES,1210.0,9
2758548,2017-04-02,1,GROCERY I,1482.0,25
2760321,2017-04-03,1,BEVERAGES,2097.0,9
2760330,2017-04-03,1,GROCERY I,2886.0,32
2762103,2017-04-04,1,BEVERAGES,2249.0,9
2762112,2017-04-04,1,GROCERY I,2785.0,31
2763885,2017-04-05,1,BEVERAGES,2687.0,8
2763894,2017-04-05,1,GROCERY I,3492.0,43
2765667,2017-04-06,1,BEVERAGES,2164.0,10
2765676,2017-04-06,1,GROCERY I,2461.0,43
2767449,2017-04-07,1,BEVERAGES,2527.0,7
2767458,2017-04-07,1,GROCERY I,3054.0,42
2769231,2017-04-08,1,BEVERAGES,2729.0,9
2769240,2017-04-08,1,GROCERY I,3174.0,45
2771013,2017-04-09,1,BEVERAGES,1175.0,7
2771022,2017-04-09,1,GROCERY I,1394.0,28
2772795,2017-04-10,1,BEVERAGES,2033.0,8
2772804,2017-04-10,1,GROCERY I,2437.0,42
2774577,2017-04-11,1,BEVERAGES,2116.0,11
2774586,2017-04-11,1,GROCERY I,2674.0,48
2776359,2017-04-12,1,BEVERAGES,2457.0,21
2776368,2017-04-12,1,GROCERY I,3374.0,76
2778141,2017-04-13,1,BEVERAGES,2599.0,27
2778150,2017-04-13,1,GROCERY I,2931.0,67
2779923,2017-04-14,1,BEVERAGES,817.0,14
2779932,2017-04-14,1,GROCERY I,790.0,38
2781705,2017-04-15,1,BEVERAGES,1946.0,13
2781714,2017-04-15,1,GROCERY I,2030.0,54
2783487,2017-04-16,1,BEVERAGES,1114.0,20
2783496,2017-04-16,1,GROCERY I,1185.0,60
2785269,2017-04-17,1,BEVERAGES,2731.0,23
2785278,2017-04-17,1,GROCERY I,3641.0,73
2787051,2017-04-18,1,BEVERAGES,2102.0,20
2787060,2017-04-18,1,GROCERY I,2579.0,65
2788833,2017-04-19,1,BEVERAGES,2426.0,27
2788842,2017-04-19,1,GROCERY I,2972.0,95
2790615,2017-04-20,1,BEVERAGES,1948.0,23
2790624,2017-04-20,1,GROCERY I,2546.0,72
2792397,2017-04-21,1,BEVERAGES,2600.0,25
2792406,2017-04-21,1,GROCERY I,3112.0,75
2794179,2017-04-22,1,BEVERAGES,2785.0,32
2794188,2017-04-22,1,GROCERY I,2824.0,69
2795961,2017-04-23,1,BEVERAGES,1047.0,23
2795970,2017-04-23,1,GROCERY I,1163.0,54
2797743,2017-04-24,1,BEVERAGES,2419.0,36
2797752,2017-04-24,1,GROCERY I,2540.0,75
2799525,2017-04-25,1,BEVERAGES,2083.0,27
2799534,2017-04-25,1,GROCERY I,2817.0,71
2801307,2017-04-26,1,BEVERAGES,2608.0,29
2801316,2017-04-26,1,GROCERY I,2868.0,75
2803089,2017-04-27,1,BEVERAGES,2022.0,32
2803098,2017-04-27,1,GROCERY I,2301.0,72
2804871,2017-04-28,1,BEVERAGES,2235.0,28
2804880,2017-04-28,1,GROCERY I,2876.0,90
2806653,2017-04-29,1,BEVERAGES,2156.0,33
2806662,2017-04-29,1,GROCERY I,2426.0,74
2808435,2017-04-30,1,BEVERAGES,995.0,17
2808444,2017-04-30,1,GROCERY I,886.0,57
2810217,2017-05-01,1,BEVERAGES,825.0,15
2810226,2017-05-01,1,GROCERY I,891.0,38
2811999,2017-05-02,1,BEVERAGES,3179.0,26
2812008,2017-05-02,1,GROCERY I,4193.0,61
2813781,2017-05-03,1,BEVERAGES,2479.0,28
2813790,2017-05-03,1,GROCERY I,3777.0,79
2815563,2017-05-04,1,BEVERAGES,2454.0,15
2815572,2017-05-04,1,GROCERY I,2800.0,51
2817345,2017-05-05,1,BEVERAGES,2243.0,17
2817354,2017-05-05,1,GROCERY I,2991.0,54
2819127,2017-05-06,1,BEVERAGES,2735.0,13
2819136,2017-05-06,1,GROCERY I,2752.0,52
2820909,2017-05-07,1,BEVERAGES,1019.0,11
2820918,2017-05-07,1,GROCERY I,1103.0,33
2822691,2017-05-08,1,BEVERAGES,2317.0,16
2822700,2017-05-08,1,GROCERY I,2854.0,40
2824473,2017-05-09,1,BEVERAGES,1943.0,15
2824482,2017-05-09,1,GROCERY I,2763.0,52
2826255,2017-05-10,1,BEVERAGES,2033.0,24
2826264,2017-05-10,1,GROCERY I,2925.0,75
2828037,2017-05-11,1,BEVERAGES,1697.0,20
2828046,2017-05-11,1,GROCERY I,2233.0,38
2829819,2017-05-12,1,BEVERAGES,2472.0,26
2829828,2017-05-12,1,GROCERY I,3532.0,39
2831601,2017-05-13,1,BEVERAGES,2498.0,27
2831610,2017-05-13,1,GROCERY I,2931.0,43
2833383,2017-05-14,1,BEVERAGES,883.0,18
2833392,2017-05-14,1,GROCERY I,931.0,23
2835165,2017-05-15,1,BEVERAGES,2280.0,28
2835174,2017-05-15,1,GROCERY I,2531.0,43
2836947,2017-05-16,1,BEVERAGES,2393.0,28
2836956,2017-05-16,1,GROCERY I,2822.0,47
2838729,2017-05-17,1,BEVERAGES,2374.0,31
2838738,2017-05-17,1,GROCERY I,3131.0,40
2840511,2017-05-18,1,BEVERAGES,2154.0,26
2840520,2017-05-18,1,GROCERY I,2600.0,38
2842293,2017-05-19,1,BEVERAGES,2743.0,30
2842302,2017-05-19,1,GROCERY I,3077.0,36
2844075,2017-05-20,1,BEVERAGES,2379.0,28
2844084,2017-05-20,1,GROCERY I,2573.0,43
2845857,2017-05-21,1,BEVERAGES,974.0,23
2845866,2017-05-21,1,GROCERY I,1205.0,32
2847639,2017-05-22,1,BEVERAGES,2620.0,25
2847648,2017-05-22,1,GROCERY I,2842.0,39
2849421,2017-05-23,1,BEVERAGES,2365.0,25
2849430,2017-05-23,1,GROCERY I,2665.0,41
2851203,2017-05-24,1,BEVERAGES,2611.0,26
2851212,2017-05-24,1,GROCERY I,3574.0,46
2852985,2017-05-25,1,BEVERAGES,2229.0,27
2852994,2017-05-25,1,GROCERY I,2505.0,40
2854767,2017-05-26,1,BEVERAGES,1100.0,21
2854776,2017-05-26,1,GROCERY I,1301.0,31
2856549,2017-05-27,1,BEVERAGES,2270.0,30
2856558,2017-05-27,1,GROCERY I,2166.0,33
2858331,2017-05-28,1,BEVERAGES,1110.0,24
2858340,2017-05-28,1,GROCERY I,1258.0,34
2860113,2017-05-29,1,BEVERAGES,2407.0,32
2860122,2017-05-29,1,GROCERY I,2666.0,39
2861895,2017-05-30,1,BEVERAGES,1937.0,31
2861904,2017-05-30,1,GROCERY I,2497.0,39
2863677,2017-05-31,1,BEVERAGES,2554.0,31
2863686,2017-05-31,1,GROCERY I,3262.0,38
2865459,2017-06-01,1,BEVERAGES,2250.0,9
2865468,2017-06-01,1,GROCERY I,2774.0,1
2867241,2017-06-02,1,BEVERAGES,2752.0,27
2867250,2017-06-02,1,GROCERY I,2953.0,33
2869023,2017-06-03,1,BEVERAGES,2718.0,24
2869032,2017-06-03,1,GROCERY I,2996.0,35
2870805,2017-06-04,1,BEVERAGES,1142.0,17
2870814,2017-06-04,1,GROCERY I,1148.0,22
2872587,2017-06-05,1,BEVERAGES,2616.0,20
2872596,2017-06-05,1,GROCERY I,3071.0,36
2874369,2017-06-06,1,BEVERAGES,2625.0,24
2874378,2017-06-06,1,GROCERY I,3383.0,37
2876151,2017-06-07,1,BEVERAGES,2651.0,26
2876160,2017-06-07,1,GROCERY I,3353.0,55
2877933,2017-06-08,1,BEVERAGES,2159.0,22
2877942,2017-06-08,1,GROCERY I,2902.0,51
2879715,2017-06-09,1,BEVERAGES,2532.0,23
2879724,2017-06-09,1,GROCERY I,3105.0,44
2881497,2017-06-10,1,BEVERAGES,2692.0,23
2881506,2017-06-10,1,GROCERY I,3106.0,51
2883279,2017-06-11,1,BEVERAGES,1272.0,23
2883288,2017-06-11,1,GROCERY I,1352.0,38
2885061,2017-06-12,1,BEVERAGES,2335.0,24
2885070,2017-06-12,1,GROCERY I,2601.0,45
2886843,2017-06-13,1,BEVERAGES,2579.0,21
2886852,2017-06-13,1,GROCERY I,2426.0,44
2888625,2017-06-14,1,BEVERAGES,2707.0,25
2888634,2017-06-14,1,GROCERY I,4411.0,65
2890407,2017-06-15,1,BEVERAGES,2137.0,22
2890416,2017-06-15,1,GROCERY I,3189.0,63
2892189,2017-06-16,1,BEVERAGES,2532.0,17
2892198,2017-06-16,1,GROCERY I,2991.0,53
2893971,2017-06-17,1,BEVERAGES,2738.0,19
2893980,2017-06-17,1,GROCERY I,3016.0,49
2895753,2017-06-18,1,BEVERAGES,1005.0,10
2895762,2017-06-18,1,GROCERY I,1223.0,40
2897535,2017-06-19,1,BEVERAGES,2493.0,16
2897544,2017-06-19,1,GROCERY I,3373.0,47
2899317,2017-06-20,1,BEVERAGES,2977.0,17
2899326,2017-06-20,1,GROCERY I,4575.0,48
2901099,2017-06-21,1,BEVERAGES,2583.0,34
2901108,2017-06-21,1,GROCERY I,2898.0,80
2902881,2017-06-22,1,BEVERAGES,1824.0,21
2902890,2017-06-22,1,GROCERY I,2499.0,56
2904663,2017-06-23,1,BEVERAGES,2394.0,24
2904672,2017-06-23,1,GROCERY I,2663.0,57
2906445,2017-06-24,1,BEVERAGES,2674.0,25
2906454,2017-06-24,1,GROCERY I,2877.0,55
2908227,2017-06-25,1,BEVERAGES,1070.0,20
2908236,2017-06-25,1,GROCERY I,1264.0,48
2910009,2017-06-26,1,BEVERAGES,2242.0,25
2910018,2017-06-26,1,GROCERY I,2812.0,45
2911791,2017-06-27,1,BEVERAGES,2101.0,25
2911800,2017-06-27,1,GROCERY I,2653.0,46
2913573,2017-06-28,1,BEVERAGES,2203.0,26
2913582,2017-06-28,1,GROCERY I,3003.0,53
2915355,2017-06-29,1,BEVERAGES,2128.0,26
2915364,2017-06-29,1,GROCERY I,2603.0,59
2917137,2017-06-30,1,BEVERAGES,2496.0,30
2917146,2017-06-30,1,GROCERY I,2916.0,70
2918919,2017-07-01,1,BEVERAGES,2596.0,27
2918928,2017-07-01,1,GROCERY I,2871.0,56
2920701,2017-07-02,1,BEVERAGES,1135.0,25
2920710,2017-07-02,1,GROCERY I,1222.0,54
2922483,2017-07-03,1,BEVERAGES,2526.0,27
2922492,2017-07-03,1,GROCERY I,2952.0,56
2924265,2017-07-04,1,BEVERAGES,2284.0,27
2924274,2017-07-04,1,GROCERY I,2759.0,60
2926047,2017-07-05,1,BEVERAGES,2691.0,42
2926056,2017-07-05,1,GROCERY I,3147.0,80
2927829,2017-07-06,1,BEVERAGES,2284.0,39
2927838,2017-07-06,1,GROCERY I,2550.0,58
2929611,2017-07-07,1,BEVERAGES,2574.0,41
2929620,2017-07-07,1,GROCERY I,2972.0,47
2931393,2017-07-08,1,BEVERAGES,2351.0,38
2931402,2017-07-08,1,GROCERY I,2561.0,45
2933175,2017-07-09,1,BEVERAGES,1181.0,35
2933184,2017-07-09,1,GROCERY I,1140.0,27
2934957,2017-07-10,1,BEVERAGES,2338.0,38
2934966,2017-07-10,1,GROCERY I,2849.0,46
2936739,2017-07-11,1,BEVERAGES,2372.0,36
2936748,2017-07-11,1,GROCERY I,2712.0,47
2938521,2017-07-12,1,BEVERAGES,2460.0,45
2938530,2017-07-12,1,GROCERY I,3185.0,59
2940303,2017-07-13,1,BEVERAGES,2115.0,34
2940312,2017-07-13,1,GROCERY I,2571.0,47
2942085,2017-07-14,1,BEVERAGES,2529.0,40
2942094,2017-07-14,1,GROCERY I,3182.0,58
2943867,2017-07-15,1,BEVERAGES,2183.0,38
2943876,2017-07-15,1,GROCERY I,2297.0,43
2945649,2017-07-16,1,BEVERAGES,1079.0,34
2945658,2017-07-16,1,GROCERY I,1028.0,39
2947431,2017-07-17,1,BEVERAGES,2381.0,39
2947440,2017-07-17,1,GROCERY I,2720.0,52
2949213,2017-07-18,1,BEVERAGES,2589.0,42
2949222,2017-07-18,1,GROCERY I,3370.0,54
2950995,2017-07-19,1,BEVERAGES,2369.0,34
2951004,2017-07-19,1,GROCERY I,3065.0,76
2952777,2017-07-20,1,BEVERAGES,2006.0,32
2952786,2017-07-20,1,GROCERY I,2592.0,64
2954559,2017-07-21,1,BEVERAGES,2859.0,30
2954568,2017-07-21,1,GROCERY I,2725.0,61
2956341,2017-07-22,1,BEVERAGES,2258.0,22
2956350,2017-07-22,1,GROCERY I,2576.0,65
2958123,2017-07-23,1,BEVERAGES,1024.0,19
2958132,2017-07-23,1,GROCERY I,1371.0,45
2959905,2017-07-24,1,BEVERAGES,2158.0,22
2959914,2017-07-24,1,GROCERY I,2612.0,55
2961687,2017-07-25,1,BEVERAGES,2438.0,23
2961696,2017-07-25,1,GROCERY I,2405.0,63
2963469,2017-07-26,1,BEVERAGES,2242.0,21
2963478,2017-07-26,1,GROCERY I,2878.0,69
2965251,2017-07-27,1,BEVERAGES,2002.0,27
2965260,2017-07-27,1,GROCERY I,2466.0,54
2967033,2017-07-28,1,BEVERAGES,2358.0,26
2967042,2017-07-28,1,GROCERY I,2622.0,44
2968815,2017-07-29,1,BEVERAGES,2161.0,22
2968824,2017-07-29,1,GROCERY I,2446.0,53
2970597,2017-07-30,1,BEVERAGES,1212.0,16
2970606,2017-07-30,1,GROCERY I,1086.0,42
2972379,2017-07-31,1,BEVERAGES,2414.0,24
2972388,2017-07-31,1,GROCERY I,2966.0,54
2974161,2017-08-01,1,BEVERAGES,2627.0,26
2974170,2017-08-01,1,GROCERY I,2872.0,45
2975943,2017-08-02,1,BEVERAGES,2645.0,25
2975952,2017-08-02,1,GROCERY I,3247.0,58
2977725,2017-08-03,1,BEVERAGES,2037.0,7
2977734,2017-08-03,1,GROCERY I,2177.0,29
2979507,2017-08-04,1,BEVERAGES,2479.0,10
2979516,2017-08-04,1,GROCERY I,2778.0,35
2981289,2017-08-05,1,BEVERAGES,2093.0,7
2981298,2017-08-05,1,GROCERY I,2034.0,29
2983071,2017-08-06,1,BEVERAGES,968.0,5
2983080,2017-08-06,1,GROCERY I,1025.0,29
2984853,2017-08-07,1,BEVERAGES,2086.0,7
2984862,2017-08-07,1,GROCERY I,2551.0,44
2986635,2017-08-08,1,BEVERAGES,2418.0,7
2986644,2017-08-08,1,GROCERY I,3062.0,35
2988417,2017-08-09,1,BEVERAGES,2311.0,7
2988426,2017-08-09,1,GROCERY I,2719.0,46
2990199,2017-08-10,1,BEVERAGES,2377.0,6
2990208,2017-08-10,1,GROCERY I,2591.0,31
2991981,2017-08-11,1,BEVERAGES,1006.0,3
2991990,2017-08-11,1,GROCERY I,1270.0,24
2993763,2017-08-12,1,BEVERAGES,1659.0,7
2993772,2017-08-12,1,GROCERY I,1630.0,28
2995545,2017-08-13,1,BEVERAGES,803.0,5
2995554,2017-08-13,1,GROCERY I,952.0,19
2997327,2017-08-14,1,BEVERAGES,2201.0,9
2997336,2017-08-14,1,GROCERY I,2407.0,30
2999109,2017-08-15,1,BEVERAGES,1942.0,11
2999118,2017-08-15,1,GROCERY I,2508.0,29
